序,股票代码,股票简称,A股市值,A股市值
1,000008, 神州高铁,73.07,73.07
2,000019, 深粮控股,72.76,72.76
3,000025, 特  力Ａ,64.93,64.93
4,000036, 华联控股,58.02,58.02
5,000070, ST特信,55.28,55.28
6,000078, 海王生物,63.67,63.67
7,000090, 天健集团,73.25,73.25
8,000151, 中成股份,50.17,50.17
9,000404, 长虹华意,55.19,55.19
10,000411, 英特集团,55.89,55.89
11,000501, 武商集团,69.36,69.36
12,000507, 珠海港,51.23,51.23
13,000517, 荣安地产,63.04,63.04
14,000521, 长虹美菱,74.59,74.59
15,000523, 红棉股份,62.96,62.96
16,000524, 岭南控股,70.51,70.51
17,000526, 学大教育,59.68,59.68
18,000531, 穗恒运Ａ,68.52,68.52
19,000532, 华金资本,53.84,53.84
20,000551, 创元科技,53.56,53.56
21,000560, 我爱我家,72.78,72.78
22,000561, 烽火电子,50.4,50.4
23,000566, 海南海药,60.07,60.07
24,000572, 海马汽车,66.77,66.77
25,000592, 平潭发展,58.92,58.92
26,000595, 宝塔实业,70.14,70.14
27,000597, 东北制药,73.46,73.46
28,000601, 韶能股份,64.18,64.18
29,000631, 顺发恒业,69.46,69.46
30,000652, 泰达股份,59.02,59.02
31,000665, 湖北广电,59.93,59.93
32,000670, 盈方微,56.75,56.75
33,000678, 襄阳轴承,60.39,60.39
34,000697, 炼石航空,71.94,71.94
35,000710, 贝瑞基因,51.19,51.19
36,000711, *ST京蓝,50.57,50.57
37,000716, 黑芝麻,50.41,50.41
38,000717, 中南股份,69.32,69.32
39,000718, 苏宁环球,68.58,68.58
40,000721, 西安饮食,56.65,56.65
41,000722, 湖南发展,50.13,50.13
42,000735, 罗 牛 山,73.12,73.12
43,000751, 锌业股份,50.08,50.08
44,000753, 漳州发展,53.84,53.84
45,000755, 山西高速,73.22,73.22
46,000756, 新华制药,74.71,74.71
47,000759, 中百集团,54.47,54.47
48,000777, 中核科技,70.93,70.93
49,000796, 凯撒旅业,67.2,67.2
50,000813, 德展健康,74.69,74.69
51,000816, 智慧农业,50.79,50.79
52,000819, 岳阳兴长,63.4,63.4
53,000822, 山东海化,58.81,58.81
54,000823, 超声电子,58.1,58.1
55,000868, 安凯客车,62.2,62.2
56,000881, 中广核技,69.11,69.11
57,000882, 华联股份,65.7,65.7
58,000886, 海南高速,65.86,65.86
59,000900, 现代投资,64.96,64.96
60,000903, 云内动力,70.97,70.97
61,000905, 厦门港务,57.56,57.56
62,000915, 华特达因,67.7,67.7
63,000925, 众合科技,56.36,56.36
64,000936, 华西股份,66.45,66.45
65,000948, 南天信息,70.68,70.68
66,000957, 中通客车,64.15,64.15
67,000968, 蓝焰控股,64.73,64.73
68,000973, 佛塑科技,65.2,65.2
69,000989, ST九芝,72.5,72.5
70,001208, 华菱线缆,61.03,61.03
71,001236, 弘业期货,71.34,71.34
72,001258, 立新能源,64.87,64.87
73,001267, 汇绿生态,72.11,72.11
74,001270, 铖昌科技,63.05,63.05
75,001279, 强邦新材,63.04,63.04
76,001288, 运机集团,53.17,53.17
77,001298, 好上好,53.45,53.45
78,001306, 夏厦精密,50.83,50.83
79,001311, 多利科技,71.78,71.78
80,001313, 粤海饲料,63,63
81,001314, 亿道信息,70.78,70.78
82,001328, 登康口腔,67.04,67.04
83,001330, 博纳影业,64.05,64.05
84,001338, 永顺泰,58.75,58.75
85,001359, 平安电工,58.49,58.49
86,001376, 百通能源,64.99,64.99
87,001380, 华纬科技,60.17,60.17
88,001896, 豫能控股,64.24,64.24
89,002009, 天奇股份,63.96,63.96
90,002014, 永新股份,71.48,71.48
91,002017, 东信和平,59.32,59.32
92,002026, 山东威达,53.57,53.57
93,002033, 丽江股份,53.91,53.91
94,002035, 华帝股份,63.23,63.23
95,002038, 双鹭药业,70.58,70.58
96,002039, 黔源电力,73.67,73.67
97,002057, 中钢天源,69.63,69.63
98,002059, 云南旅游,59.63,59.63
99,002062, 宏润建设,61.74,61.74
100,002086, 东方海洋,63.67,63.67
101,002088, 鲁阳节能,65.83,65.83
102,002103, 广博股份,51.24,51.24
103,002104, 恒宝股份,50.54,50.54
104,002108, 沧州明珠,59.79,59.79
105,002111, 威海广泰,59.69,59.69
106,002117, 东港股份,74.89,74.89
107,002119, 康强电子,62.26,62.26
108,002121, 科陆电子,74.57,74.57
109,002124, ST天邦,68.88,68.88
110,002125, 湘潭电化,70.06,70.06
111,002134, 天津普林,58.36,58.36
112,002146, 荣盛发展,70.01,70.01
113,002150, 通润装备,51.47,51.47
114,002154, 报 喜 鸟,62.46,62.46
115,002166, 莱茵生物,61.48,61.48
116,002167, 东方锆业,72.82,72.82
117,002175, 东方智造,66.78,66.78
118,002181, 粤 传 媒,63.28,63.28
119,002189, 中光学,50.7,50.7
120,002190, 成飞集成,65.25,65.25
121,002191, 劲嘉股份,55.02,55.02
122,002206, 海 利 得,60.32,60.32
123,002208, 合肥城建,53.9,53.9
124,002210, 飞马国际,65.47,65.47
125,002214, 大立科技,62.2,62.2
126,002218, 拓日新能,50.02,50.02
127,002225, 濮耐股份,57.9,57.9
128,002229, 鸿博股份,63.26,63.26
129,002238, 天威视讯,72.47,72.47
130,002246, 北化股份,59.24,59.24
131,002250, 联化科技,65.07,65.07
132,002255, 海陆重工,66.64,66.64
133,002258, 利尔化学,73.48,73.48
134,002279, 久其软件,56.63,56.63
135,002284, 亚太股份,73.39,73.39
136,002290, 禾盛新材,65.63,65.63
137,002291, 遥望科技,62.11,62.11
138,002293, 罗莱生活,68.9,68.9
139,002300, 太阳电缆,60.89,60.89
140,002301, 齐心集团,53.23,53.23
141,002303, 美盈森,54.97,54.97
142,002314, 南山控股,63.36,63.36
143,002321, 华英农业,51.83,51.83
144,002322, 理工能科,52.44,52.44
145,002327, 富安娜,70.12,70.12
146,002334, 英威腾,72.57,72.57
147,002342, 巨力索具,62.88,62.88
148,002344, 海宁皮城,54.9,54.9
149,002345, 潮宏基,68.95,68.95
150,002346, 柘中股份,52.81,52.81
151,002349, 精华制药,60.82,60.82
152,002358, 森源电气,55.79,55.79
153,002361, 神剑股份,61.34,61.34
154,002362, 汉王科技,55.12,55.12
155,002367, 康力电梯,59.67,59.67
156,002369, 卓翼科技,58.45,58.45
157,002375, 亚厦股份,53.47,53.47
158,002376, 新北洋,55.85,55.85
159,002380, 科远智慧,60.5,60.5
160,002382, 蓝帆医疗,51.87,51.87
161,002383, 合众思壮,59.75,59.75
162,002386, 天原股份,60.66,60.66
163,002390, 信邦制药,74.26,74.26
164,002392, 北京利尔,59.52,59.52
165,002401, 中远海科,64.67,64.67
166,002403, 爱仕达,52.94,52.94
167,002406, 远东传动,60.9,60.9
168,002413, 雷科防务,61.9,61.9
169,002419, 天虹股份,59.26,59.26
170,002424, ST百灵,62.61,62.61
171,002427, 尤夫股份,56.76,56.76
172,002437, 誉衡药业,56.31,56.31
173,002438, 江苏神通,62.48,62.48
174,002441, 众业达,54.84,54.84
175,002445, 中南文化,58.6,58.6
176,002446, 盛路通信,60.23,60.23
177,002448, 中原内配,51.72,51.72
178,002449, 国星光电,60.67,60.67
179,002455, 百川股份,50.81,50.81
180,002469, 三维化学,56.84,56.84
181,002470, 金正大,60.79,60.79
182,002478, 常宝股份,50.11,50.11
183,002481, 双塔食品,62.67,62.67
184,002482, 广田集团,70.52,70.52
185,002483, 润邦股份,64.27,64.27
186,002491, 通鼎互联,59.16,59.16
187,002510, 天汽模,57.56,57.56
188,002512, 达华智能,55.86,55.86
189,002514, 宝馨科技,50.26,50.26
190,002515, 金字火腿,63.8,63.8
191,002519, 银河电子,59.02,59.02
192,002520, 日发精机,61.37,61.37
193,002521, 齐峰新材,51.13,51.13
194,002523, 天桥起重,59.22,59.22
195,002537, 海联金汇,69.5,69.5
196,002538, 司尔特,53.6,53.6
197,002542, 中化岩土,64.48,64.48
198,002547, 春兴精工,54.03,54.03
199,002550, 千红制药,74.23,74.23
200,002552, 宝鼎科技,60.79,60.79
201,002556, 辉隆股份,52.82,52.82
202,002559, 亚威股份,57.73,57.73
203,002567, 唐人神,72.37,72.37
204,002570, 贝因美,57.03,57.03
205,002573, 清新环境,58.4,58.4
206,002575, 群兴玩具,59.39,59.39
207,002577, 雷柏科技,62.8,62.8
208,002579, 中京电子,51.28,51.28
209,002580, 圣阳股份,61.73,61.73
210,002581, 未名医药,64.39,64.39
211,002585, 双星新材,60.7,60.7
212,002590, 万安科技,71.42,71.42
213,002599, 盛通股份,54.3,54.3
214,002609, 捷顺科技,60.92,60.92
215,002612, 朗姿股份,68.98,68.98
216,002630, 华西能源,67.42,67.42
217,002632, 道明光学,56.28,56.28
218,002636, 金安国纪,64.43,64.43
219,002639, 雪人股份,66.75,66.75
220,002640, 跨境通,59.21,59.21
221,002641, 公元股份,57.77,57.77
222,002642, 荣联科技,51.93,51.93
223,002645, 华宏科技,53.67,53.67
224,002647, *ST仁东,66.8,66.8
225,002650, ST加加,56.79,56.79
226,002651, 利君股份,74.41,74.41
227,002655, 共达电声,55.8,55.8
228,002657, 中科金财,67.53,67.53
229,002662, 京威股份,62.7,62.7
230,002664, 信质集团,73.16,73.16
231,002678, 珠江钢琴,63.1,63.1
232,002685, 华东重机,64.79,64.79
233,002695, 煌上煌,61.26,61.26
234,002708, 光洋股份,74.31,74.31
235,002717, 岭南股份,59.89,59.89
236,002721, ST金一,69.68,69.68
237,002724, 海洋王,59.02,59.02
238,002726, 龙大美食,68.63,68.63
239,002730, 电光科技,61.3,61.3
240,002733, 雄韬股份,68.39,68.39
241,002746, 仙坛股份,52.41,52.41
242,002749, 国光股份,66.89,66.89
243,002752, 昇兴股份,58.81,58.81
244,002757, 南兴股份,63.76,63.76
245,002766, 索菱股份,53.26,53.26
246,002768, 国恩股份,69.74,69.74
247,002782, 可立克,67.61,67.61
248,002785, 万里石,65.95,65.95
249,002823, 凯中精密,52.24,52.24
250,002827, 高争民爆,71.04,71.04
251,002838, 道恩股份,71.42,71.42
252,002840, 华统股份,71.15,71.15
253,002843, 泰嘉股份,56.97,56.97
254,002845, 同兴达,50.71,50.71
255,002880, 卫光生物,61.71,61.71
256,002882, 金龙羽,73.98,73.98
257,002884, 凌霄泵业,64.96,64.96
258,002886, 沃特股份,51.25,51.25
259,002889, 东方嘉盛,55.65,55.65
260,002907, 华森制药,56.33,56.33
261,002922, 伊戈尔,71.89,71.89
262,002935, 天奥电子,67.86,67.86
263,002937, 兴瑞科技,60.09,60.09
264,002941, 新疆交建,71.92,71.92
265,002943, 宇晶股份,52.94,52.94
266,002950, 奥美医疗,57.31,57.31
267,002953, 日丰股份,53.91,53.91
268,002955, 鸿合科技,62.07,62.07
269,002957, 科瑞技术,71.19,71.19
270,002959, 小熊电器,70.04,70.04
271,002961, 瑞达期货,67.11,67.11
272,002973, 侨银股份,50.76,50.76
273,002975, 博杰股份,53.42,53.42
274,002988, 豪美新材,60.18,60.18
275,002991, 甘源食品,65.9,65.9
276,003000, 劲仔食品,54.2,54.2
277,003005, 竞业达,55.53,55.53
278,003009, 中天火箭,60.54,60.54
279,003010, 若羽臣,67.1,67.1
280,003012, 东鹏控股,73.93,73.93
281,003013, 地铁设计,63.7,63.7
282,003019, 宸展光电,62.76,62.76
283,003038, 鑫铂股份,54.22,54.22
284,003040, 楚天龙,58.93,58.93
285,300005, 探路者,71.4,71.4
286,300019, 硅宝科技,67.5,67.5
287,300027, 华谊兄弟,69.64,69.64
288,300039, 上海凯宝,67.89,67.89
289,300041, 回天新材,51.08,51.08
290,300042, 朗科科技,53.71,53.71
291,300044, 赛为智能,50.11,50.11
292,300046, 台基股份,72.83,72.83
293,300048, 合康新能,60.86,60.86
294,300056, 中创环保,56.59,56.59
295,300063, 天龙集团,69.48,69.48
296,300071, 福石控股,54.07,54.07
297,300099, 尤洛卡,51.31,51.31
298,300107, 建新股份,50.06,50.06
299,300120, 经纬辉开,52.33,52.33
300,300121, 阳谷华泰,57.66,57.66
301,300123, 亚光科技,64.58,64.58
302,300129, 泰胜风能,70.49,70.49
303,300154, 瑞凌股份,53.95,53.95
304,300161, 华中数控,63.28,63.28
305,300174, 元力股份,59.26,59.26
306,300179, 四方达,54.18,54.18
307,300191, 潜能恒信,59.55,59.55
308,300192, 科德教育,55.26,55.26
309,300193, 佳士科技,50.84,50.84
310,300194, 福安药业,53.89,53.89
311,300197, 节能铁汉,63.75,63.75
312,300201, 海伦哲,60.04,60.04
313,300203, 聚光科技,74.67,74.67
314,300206, 理邦仪器,69.97,69.97
315,300213, 佳讯飞鸿,56.17,56.17
316,300226, 上海钢联,72.73,72.73
317,300228, 富瑞特装,51.56,51.56
318,300231, 银信科技,51.44,51.44
319,300245, 天玑科技,58.96,58.96
320,300249, 依米康,67.79,67.79
321,300261, 雅本化学,71.09,71.09
322,300263, 隆华科技,68.47,68.47
323,300265, 通光线缆,52.11,52.11
324,300267, 尔康制药,55.28,55.28
325,300271, 华宇软件,63.49,63.49
326,300288, 朗玛信息,51.43,51.43
327,300292, 吴通控股,67.62,67.62
328,300310, 宜通世纪,63.66,63.66
329,300320, 海达股份,71.79,71.79
330,300322, 硕贝德,63.11,63.11
331,300324, 旋极信息,74.63,74.63
332,300331, 苏大维格,54.14,54.14
333,300344, 立方数科,70.01,70.01
334,300349, 金卡智能,57.48,57.48
335,300351, 永贵电器,71.29,71.29
336,300354, 东华测试,62.95,62.95
337,300366, 创意信息,57.36,57.36
338,300369, 绿盟科技,59.47,59.47
339,300380, 安硕信息,66.12,66.12
340,300384, 三联虹普,61.6,61.6
341,300386, 飞天诚信,64.63,64.63
342,300388, 节能国祯,50.87,50.87
343,300393, 中来股份,67.01,67.01
344,300397, 天和防务,70.86,70.86
345,300402, 宝色股份,57.23,57.23
346,300411, 金盾股份,56.18,56.18
347,300421, 力星股份,55.54,55.54
348,300429, 强力新材,64.89,64.89
349,300430, 诚益通,50.98,50.98
350,300435, 中泰股份,52.46,52.46
351,300436, 广生堂,51.44,51.44
352,300441, 鲍斯股份,69.66,69.66
353,300443, 金雷股份,74.85,74.85
354,300444, 双杰电气,69.72,69.72
355,300465, 高伟达,69.45,69.45
356,300466, 赛摩智能,53.34,53.34
357,300480, 光力科技,53.45,53.45
358,300488, 恒锋工具,70,70
359,300489, 光智科技,72.87,72.87
360,300494, 盛天网络,59.3,59.3
361,300499, 高澜股份,60.65,60.65
362,300507, 苏奥传感,65.4,65.4
363,300516, 久之洋,66.65,66.65
364,300520, 科大国创,74.74,74.74
365,300532, 今天国际,58.39,58.39
366,300533, 冰川网络,56.14,56.14
367,300541, 先进数通,59.91,59.91
368,300542, 新晨科技,53.14,53.14
369,300545, 联得装备,61.09,61.09
370,300552, 万集科技,65.75,65.75
371,300563, 神宇股份,73.05,73.05
372,300566, 激智科技,53.25,53.25
373,300569, 天能重工,63.41,63.41
374,300577, 开润股份,53.64,53.64
375,300581, 晨曦航空,56.55,56.55
376,300586, 美联新材,66.29,66.29
377,300587, 天铁科技,55.28,55.28
378,300589, 江龙船艇,51.44,51.44
379,300590, 移为通信,66.08,66.08
380,300592, 华凯易佰,51.25,51.25
381,300596, 利安隆,71.07,71.07
382,300603, 立昂技术,56.8,56.8
383,300611, 美力科技,69.15,69.15
384,300617, 安靠智电,53.1,53.1
385,300629, 新劲刚,51.19,51.19
386,300662, 科锐国际,68.61,68.61
387,300671, 富满微,70.3,70.3
388,300684, 中石科技,74.31,74.31
389,300691, 联合光电,53.43,53.43
390,300695, 兆丰股份,53.13,53.13
391,300697, 电工合金,65.1,65.1
392,300698, 万马科技,52.1,52.1
393,300702, 天宇股份,69.8,69.8
394,300709, 精研科技,72.23,72.23
395,300711, 广哈通信,56.24,56.24
396,300725, 药石科技,70.38,70.38
397,300727, 润禾材料,54.79,54.79
398,300729, 乐歌股份,53.45,53.45
399,300733, 西菱动力,51.41,51.41
400,300737, 科顺股份,56.28,56.28
401,300755, 华致酒行,70.19,70.19
402,300758, 七彩化学,56.64,56.64
403,300781, 因赛集团,62.68,62.68
404,300785, 值得买,63.91,63.91
405,300788, 中信出版,61.69,61.69
406,300791, 仙乐健康,63.4,63.4
407,300792, 壹网壹创,59.33,59.33
408,300793, 佳禾智能,68.99,68.99
409,300797, 钢研纳克,52.33,52.33
410,300802, 矩子科技,53.52,53.52
411,300814, 中富电路,60.35,60.35
412,300815, 玉禾田,68.8,68.8
413,300817, 双飞集团,63.28,63.28
414,300822, 贝仕达克,64.02,64.02
415,300825, 阿尔特,59.86,59.86
416,300833, 浩洋股份,51.53,51.53
417,300840, 酷特智能,56.47,56.47
418,300842, 帝科股份,74.61,74.61
419,300843, 胜蓝股份,51.4,51.4
420,300847, 中船汉光,52.39,52.39
421,300859, 西域旅游,59.98,59.98
422,300860, 锋尚文化,53.48,53.48
423,300862, 蓝盾光电,50.73,50.73
424,300863, 卡倍亿,64.21,64.21
425,300869, 康泰医学,56.86,56.86
426,300873, 海晨股份,50.11,50.11
427,300894, 火星人,60.75,60.75
428,300895, 铜牛信息,69.03,69.03
429,300900, 广联航空,63.96,63.96
430,300905, 宝丽迪,52.8,52.8
431,300911, 亿田智能,57.03,57.03
432,300938, 信测标准,55.77,55.77
433,300951, 博硕科技,52.74,52.74
434,300968, 格林精密,71.76,71.76
435,300969, 恒帅股份,69.73,69.73
436,300973, 立高食品,71.55,71.55
437,300976, 达瑞电子,63.3,63.3
438,300984, 金沃股份,62.79,62.79
439,300990, 同飞股份,74.45,74.45
440,300997, 欢乐家,64.83,64.83
441,301048, 金鹰重工,53.17,53.17
442,301058, 中粮科工,58.66,58.66
443,301069, 凯盛新材,69.07,69.07
444,301080, 百普赛斯,65.36,65.36
445,301085, 亚康股份,55.65,55.65
446,301087, 可孚医疗,73.54,73.54
447,301099, 雅创电子,54.91,54.91
448,301116, 益客食品,55,55
449,301123, 奕东电子,53.19,53.19
450,301128, 强瑞技术,58.41,58.41
451,301179, 泽宇智能,61.53,61.53
452,301180, 万祥科技,54.88,54.88
453,301187, 欧圣电气,74.91,74.91
454,301196, 唯科科技,68.13,68.13
455,301202, 朗威股份,60.7,60.7
456,301206, 三元生物,53.62,53.62
457,301211, 亨迪药业,50.83,50.83
458,301216, 万凯新材,72.11,72.11
459,301220, 亚香股份,64.36,64.36
460,301239, 普瑞眼科,65.53,65.53
461,301246, 宏源药业,55.88,55.88
462,301255, 通力科技,56.42,56.42
463,301259, 艾布鲁,60.82,60.82
464,301260, 格力博,72.47,72.47
465,301280, 珠城科技,60.87,60.87
466,301285, 鸿日达,62.33,62.33
467,301303, 真兰仪表,56.95,56.95
468,301330, 熵基科技,55.85,55.85
469,301332, 德尔玛,50.77,50.77
470,301345, 涛涛车业,74.99,74.99
471,301348, 蓝箭电子,55.66,55.66
472,301367, 怡和嘉业,64.58,64.58
473,301370, 国科恒泰,53.18,53.18
474,301389, 隆扬电子,64.24,64.24
475,301421, 波长光电,58.67,58.67
476,301439, 泓淋电力,63.03,63.03
477,301486, 致尚科技,69.72,69.72
478,301488, 豪恩汽电,63.09,63.09
479,301501, 恒鑫生活,53.58,53.58
480,301517, 陕西华达,61.61,61.61
481,301556, 托普云农,72.48,72.48
482,301558, 三态股份,65.55,65.55
483,301566, 达利凯普,66.56,66.56
484,301601, 惠通科技,52.62,52.62
485,301603, 乔锋智能,62.55,62.55
486,301607, 富特科技,55.67,55.67
487,301608, 博实结,74.98,74.98
488,301613, 新铝时代,57.57,57.57
489,301617, 博苑股份,53.44,53.44
490,301618, 长联科技,52.63,52.63
491,301628, 强达电路,67.31,67.31
492,301629, C矽电,66.14,66.14
493,600035, 楚天高速,70.85,70.85
494,600053, 九鼎投资,57.18,57.18
495,600054, 黄山旅游,62.88,62.88
496,600071, 凤凰光学,59.3,59.3
497,600073, 光明肉业,64.61,64.61
498,600081, 东风科技,71.73,71.73
499,600084, 中信尼雅,64.39,64.39
500,600088, 中视传媒,67.17,67.17
501,600101, 明星电力,64.87,64.87
502,600103, 青山纸业,51.15,51.15
503,600106, 重庆路桥,74.56,74.56
504,600108, 亚盛集团,56.07,56.07
505,600110, 诺德股份,69.58,69.58
506,600113, 浙江东日,56.67,56.67
507,600121, 郑州煤电,50.93,50.93
508,600162, 香江控股,59.16,59.16
509,600172, 黄河旋风,61,61
510,600178, 东安动力,57.88,57.88
511,600182, S佳通,54.91,54.91
512,600184, 光电股份,65.58,65.58
513,600187, 国中水务,54.22,54.22
514,600195, 中牧股份,70.77,70.77
515,600197, 伊力特,73.86,73.86
516,600203, 福日电子,56.57,56.57
517,600212, 绿能慧充,64.58,64.58
518,600231, 凌钢股份,51.62,51.62
519,600251, 冠农股份,56.57,56.57
520,600255, 鑫科材料,67.37,67.37
521,600278, 东方创业,59.6,59.6
522,600279, 重庆港,61.84,61.84
523,600283, 钱江水利,56.03,56.03
524,600284, 浦东建设,65.4,65.4
525,600289, *ST信通,50.99,50.99
526,600300, 维维股份,57.89,57.89
527,600308, 华泰股份,54,54
528,600310, 广西能源,71.97,71.97
529,600313, 农发种业,68.94,68.94
530,600336, 澳柯玛,54.11,54.11
531,600343, 航天动力,73.52,73.52
532,600353, 旭光电子,68.32,68.32
533,600360, ST华微,66.55,66.55
534,600367, 红星发展,53.86,53.86
535,600376, 首开股份,66.29,66.29
536,600389, 江山股份,66.92,66.92
537,600391, 航发科技,67.97,67.97
538,600397, 安源煤业,65.04,65.04
539,600400, 红豆股份,54.66,54.66
540,600425, 青松建化,64.67,64.67
541,600429, 三元股份,67.16,67.16
542,600433, 冠豪高新,60.73,60.73
543,600449, 宁夏建材,72.01,72.01
544,600468, 百利电气,58.09,58.09
545,600477, 杭萧钢构,66.8,66.8
546,600491, 龙元建设,62.26,62.26
547,600495, 晋西车轴,50.99,50.99
548,600496, 精工钢构,66.22,66.22
549,600510, 黑牡丹,54.18,54.18
550,600523, 贵航股份,53.37,53.37
551,600525, 长园集团,56.84,56.84
552,600551, 时代出版,55.94,55.94
553,600569, 安阳钢铁,56.01,56.01
554,600571, 信雅达,74.98,74.98
555,600581, 八一钢铁,55.7,55.7
556,600604, 市北高新,67.7,67.7
557,600605, 汇通能源,74.8,74.8
558,600624, 复旦复华,52.24,52.24
559,600626, 申达股份,51.24,51.24
560,600650, 锦江在线,56.05,56.05
561,600691, 阳煤化工,53.7,53.7
562,600693, 东百集团,56.02,56.02
563,600698, 湖南天雁,54.51,54.51
564,600713, 南京医药,66.64,66.64
565,600724, 宁波富达,71.54,71.54
566,600736, 苏州高新,67.7,67.7
567,600742, 一汽富维,70.44,70.44
568,600744, 华银电力,67.84,67.84
569,600748, 上实发展,61.79,61.79
570,600751, 海航科技,74.88,74.88
571,600756, 浪潮软件,50.82,50.82
572,600758, 辽宁能源,58.96,58.96
573,600770, 综艺股份,56.81,56.81
574,600775, 南京熊猫,67.39,67.39
575,600780, 通宝能源,67.07,67.07
576,600790, 轻纺城,52.04,52.04
577,600796, 钱江生化,53.12,53.12
578,600814, 杭州解百,60.72,60.72
579,600815, 厦工股份,51.45,51.45
580,600817, 宇通重工,67.16,67.16
581,600825, 新华传媒,71.99,71.99
582,600826, 兰生股份,58.7,58.7
583,600828, 茂业商业,58.19,58.19
584,600841, 动力新科,59.04,59.04
585,600843, 上工申贝,58.42,58.42
586,600846, 同济科技,58.54,58.54
587,600855, 航天长峰,52.1,52.1
588,600860, 京城股份,60.43,60.43
589,600868, 梅雁吉祥,57.7,57.7
590,600874, 创业环保,73.58,73.58
591,600880, 博瑞传播,50.95,50.95
592,600881, 亚泰集团,55.56,55.56
593,600889, 南京化纤,62.57,62.57
594,600897, 厦门空港,62.37,62.37
595,600936, 广西广电,59.66,59.66
596,600939, 重庆建工,52.87,52.87
597,600966, 博汇纸业,62.7,62.7
598,600973, 宝胜股份,74.47,74.47
599,600976, 健民集团,70.43,70.43
600,600981, 汇鸿集团,58.08,58.08
601,600982, 宁波能源,57.56,57.56
602,600983, 惠而浦,74.57,74.57
603,600987, 航民股份,73.91,73.91
604,600990, 四创电子,57.17,57.17
605,601010, 文峰股份,54.52,54.52
606,601011, 宝泰隆,51.53,51.53
607,601015, 陕西黑猫,69.65,69.65
608,601065, 江盐集团,57.14,57.14
609,601116, 三江购物,62.98,62.98
610,601121, 宝地矿业,52.8,52.8
611,601133, 柏诚股份,62.38,62.38
612,601199, 江南水务,50.97,50.97
613,601279, 英利汽车,61.69,61.69
614,601330, 绿色动力,65.77,65.77
615,601388, 怡球资源,57.89,57.89
616,601515, 东峰集团,61.29,61.29
617,601518, 吉林高速,53.88,53.88
618,601579, 会稽山,50.49,50.49
619,601700, 风范股份,55.17,55.17
620,601789, 宁波建工,62.06,62.06
621,601886, 江河集团,70.25,70.25
622,601908, 京运通,65.92,65.92
623,601929, 吉视传媒,67.35,67.35
624,601968, 宝钢包装,62.26,62.26
625,603002, 宏昌电子,71.33,71.33
626,603004, 鼎龙科技,52.45,52.45
627,603007, ST花王,50.42,50.42
628,603008, 喜临门,65.22,65.22
629,603010, 万盛股份,63.67,63.67
630,603011, 合锻智能,61.11,61.11
631,603015, 弘讯科技,57.4,57.4
632,603018, 华设集团,56.89,56.89
633,603026, 石大胜华,73.94,73.94
634,603031, 安孚科技,62.24,62.24
635,603035, 常熟汽饰,57.61,57.61
636,603050, 科林电气,62.24,62.24
637,603052, 可川科技,52.87,52.87
638,603060, 国检集团,58.28,58.28
639,603068, 博通集成,54.91,54.91
640,603069, 海汽集团,58.46,58.46
641,603070, 万控智造,57.22,57.22
642,603071, 物产环能,72.42,72.42
643,603078, 江化微,66.83,66.83
644,603081, 大丰实业,61.64,61.64
645,603082, 北自科技,66.21,66.21
646,603088, 宁波精达,52.5,52.5
647,603098, 森特股份,54.08,54.08
648,603107, 上海汽配,56.77,56.77
649,603111, 康尼机电,61.63,61.63
650,603112, 华翔股份,69.6,69.6
651,603113, 金能科技,51.56,51.56
652,603121, 华培动力,65.27,65.27
653,603123, 翠微股份,65.26,65.26
654,603124, 江南新材,71.98,71.98
655,603125, 常青科技,55.39,55.39
656,603131, 上海沪工,60.96,60.96
657,603135, 中重科技,64.78,64.78
658,603170, 宝立食品,52.28,52.28
659,603200, 上海洗霸,59,59
660,603203, 快克智能,62.06,62.06
661,603206, 嘉环科技,56.71,56.71
662,603211, 晋拓股份,51.32,51.32
663,603223, 恒通股份,64.21,64.21
664,603229, 奥翔药业,69.99,69.99
665,603258, 电魂网络,55.26,55.26
666,603270, 金帝股份,66.5,66.5
667,603275, 众辰科技,62.05,62.05
668,603291, 联合水务,59.67,59.67
669,603301, 振德医疗,57.74,57.74
670,603303, 得邦照明,61.19,61.19
671,603310, 巍华新材,65.51,65.51
672,603312, 西典新能,60.28,60.28
673,603322, 超讯通信,73.97,73.97
674,603325, 博隆技术,61.94,61.94
675,603344, 星德胜,54.08,54.08
676,603357, 设计总院,52.27,52.27
677,603367, 辰欣药业,62.34,62.34
678,603368, 柳药集团,73.39,73.39
679,603381, 永臻股份,55.76,55.76
680,603398, 沐邦高科,67.26,67.26
681,603408, 建霖家居,60.38,60.38
682,603439, 贵州三力,53.81,53.81
683,603466, 风语筑,63.58,63.58
684,603489, 八方股份,70.5,70.5
685,603499, 翔港科技,52.39,52.39
686,603511, 爱慕股份,57.2,57.2
687,603528, 多伦科技,61.7,61.7
688,603587, 地素时尚,59.31,59.31
689,603609, 禾丰股份,72.82,72.82
690,603611, 诺力股份,50.46,50.46
691,603615, 茶花股份,62.22,62.22
692,603618, 杭电股份,50.89,50.89
693,603666, 亿嘉和,67.38,67.38
694,603668, 天马科技,61.79,61.79
695,603680, 今创集团,68.26,68.26
696,603686, 福龙马,56.46,56.46
697,603708, 家家悦,64.66,64.66
698,603711, 香飘飘,58.27,58.27
699,603719, 良品铺子,50.81,50.81
700,603738, 泰晶科技,63.15,63.15
701,603758, 秦安股份,56.17,56.17
702,603767, 中马传动,50.31,50.31
703,603773, 沃格光电,57.5,57.5
704,603800, 洪田股份,68.62,68.62
705,603801, 志邦家居,53.04,53.04
706,603848, 好太太,57.23,57.23
707,603877, 太平鸟,73.16,73.16
708,603890, 春秋电子,54.31,54.31
709,603897, 长城科技,51.38,51.38
710,603901, 永创智能,53.21,53.21
711,603906, 龙蟠科技,64.25,64.25
712,603912, 佳力图,51.53,51.53
713,603918, 金桥信息,58.68,58.68
714,603929, 亚翔集成,70.66,70.66
715,603931, 格林达,57.21,57.21
716,603936, 博敏电子,51.13,51.13
717,603949, 雪龙集团,51.67,51.67
718,603960, 克来机电,56.29,56.29
719,603969, 银龙股份,55.73,55.73
720,603985, 恒润股份,59.87,59.87
721,603989, 艾华集团,63.42,63.42
722,605005, 合兴股份,71.5,71.5
723,605007, 五洲特纸,60.71,60.71
724,605009, 豪悦护理,66.25,66.25
725,605016, 百龙创园,68.17,68.17
726,605018, 长华集团,58.67,58.67
727,605050, 福然德,52.98,52.98
728,605056, 咸亨国际,57.74,57.74
729,605088, 冠盛股份,71.4,71.4
730,605098, 行动教育,51,51
731,605108, 同庆楼,56.29,56.29
732,605123, 派克新材,71.16,71.16
733,605128, 上海沿浦,57.38,57.38
734,605133, 嵘泰股份,66.4,66.4
735,605168, 三人行,63.08,63.08
736,605183, 确成股份,74.86,74.86
737,605196, 华通线缆,71.91,71.91
738,605199, 葫芦娃,60.02,60.02
739,605222, 起帆电缆,71.18,71.18
740,605277, 新亚电子,55.49,55.49
741,605286, 同力日升,67.27,67.27
742,605300, 佳禾食品,63.39,63.39
743,605305, 中际联合,61.06,61.06
744,605337, 李子园,50.76,50.76
745,605339, 南侨食品,70.98,70.98
746,605377, 华旺科技,59.38,59.38
747,605398, 新炬网络,52.72,52.72
748,605577, 龙版传媒,63.64,63.64
749,605598, 上海港湾,53.31,53.31
750,688010, 福光股份,58.22,58.22
751,688023, 安恒信息,54.39,54.39
752,688025, 杰普特,54.27,54.27
753,688031, 星环科技-U,61.58,61.58
754,688035, 德邦科技,54.86,54.86
755,688046, 药康生物,57.89,57.89
756,688049, 炬芯科技,65.4,65.4
757,688062, 迈威生物-U,69.41,69.41
758,688075, 安旭生物,52.19,52.19
759,688084, 晶品特装,50.47,50.47
760,688085, 三友医疗,50.21,50.21
761,688087, 英科再生,53.06,53.06
762,688093, 世华科技,62.22,62.22
763,688095, 福昕软件,57.98,57.98
764,688138, 清溢光电,69.07,69.07
765,688151, 华强科技,62.18,62.18
766,688155, 先惠技术,55.97,55.97
767,688157, 松井股份,50.28,50.28
768,688167, 炬光科技,70.28,70.28
769,688168, 安博通,53.07,53.07
770,688173, 希荻微,50.63,50.63
771,688185, 康希诺,66.35,66.35
772,688195, 腾景科技,51.8,51.8
773,688196, 卓越新能,52.38,52.38
774,688205, 德科立,73.27,73.27
775,688212, 澳华内镜,58.42,58.42
776,688219, 会通股份,60.77,60.77
777,688222, 成都先导,60.62,60.62
778,688226, 威腾电气,72.23,72.23
779,688230, 芯导科技,54.1,54.1
780,688239, 航宇科技,61.54,61.54
781,688259, 创耀科技,57.34,57.34
782,688261, 东微半导,52.16,52.16
783,688268, 华特气体,56.64,56.64
784,688275, 万润新能,55.23,55.23
785,688277, 天智航-U,57.07,57.07
786,688290, 景业智能,57.65,57.65
787,688298, 东方生物,67.15,67.15
788,688311, 盟升电子,64.76,64.76
789,688315, 诺禾致源,63.14,63.14
790,688319, 欧林生物,58.86,58.86
791,688320, 禾川科技,63.73,63.73
792,688321, 微芯生物,73.04,73.04
793,688334, 西高院,54.29,54.29
794,688337, 普源精电,66.81,66.81
795,688359, 三孚新科,54.97,54.97
796,688365, 光云科技,55.87,55.87
797,688371, 菲沃泰,56.76,56.76
798,688376, 美埃科技,50.21,50.21
799,688381, 帝奥微,52.52,52.52
800,688389, 普门科技,65.09,65.09
801,688392, 骄成超声,58.43,58.43
802,688401, 路维光电,61.73,61.73
803,688418, 震有科技,57.6,57.6
804,688429, 时创能源,61.48,61.48
805,688505, 复旦张江,56.99,56.99
806,688508, 芯朋微,65.37,65.37
807,688513, 苑东生物,53.77,53.77
808,688518, 联赢激光,56.08,56.08
809,688526, 科前生物,74.25,74.25
810,688531, 日联科技,67.66,67.66
811,688533, 上声电子,52.27,52.27
812,688535, 华海诚科,61.67,61.67
813,688550, 瑞联新材,66.3,66.3
814,688552, 航天南湖,69.68,69.68
815,688553, 汇宇制药-W,66.63,66.63
816,688556, 高测股份,61.57,61.57
817,688562, 航天软件,63.92,63.92
818,688581, 安杰思,55.19,55.19
819,688588, 凌志软件,53.56,53.56
820,688590, 新致软件,54.4,54.4
821,688595, 芯海科技,54.71,54.71
822,688598, 金博股份,59,59
823,688601, 力芯微,55.72,55.72
824,688603, 天承科技,58.48,58.48
825,688606, 奥泰生物,57.07,57.07
826,688609, 九联科技,52,52
827,688611, 杭州柯林,50.66,50.66
828,688620, 安凯微,52.45,52.45
829,688622, 禾信仪器,68.25,68.25
830,688625, 呈和科技,56.69,56.69
831,688626, 翔宇医疗,58.42,58.42
832,688627, 精智达,67.58,67.58
833,688653, 康希通信,54.21,54.21
834,688656, 浩欧博,56.54,56.54
835,688658, 悦康药业,65.25,65.25
836,688661, 和林微纳,53.5,53.5
837,688668, 鼎通科技,62.84,62.84
838,688678, 福立旺,72.99,72.99
839,688697, 纽威数控,63.8,63.8
840,688707, 振华新材,65.73,65.73
841,688710, 益诺思,51.87,51.87
842,688721, 龙图光罩,66.98,66.98
843,688758, 赛分科技,71.22,71.22
844,688787, 海天瑞声,57.98,57.98
